deputado;descricao;data;valor
ADERLANIA NORONHA;Combustíveis e Lubrificantes Automotivos;01/01/2019;6000
ADERLANIA NORONHA;Vale-Refeição e Vale-Alimentação;01/01/2019;5000
AUDIC MOTA;Combustíveis e Lubrificantes Automotivos;01/01/2019;6000
AUDIC MOTA;Divulgação das Atividades Parlamentares;01/01/2019;4100
AUDIC MOTA;Seguros em Geral;01/01/2019;504.04
AUDIC MOTA;Serviços Gráficos e Editoriais;01/01/2019;15684.2
AUDIC MOTA;Serviços Técnicos Profissionais;01/01/2019;3000
AUDIC MOTA;Vale-Refeição e Vale-Alimentação;01/01/2019;5000
BRUNO GONCALVES;Combustíveis e Lubrificantes Automotivos;01/01/2019;6000
BRUNO GONCALVES;Vale-Refeição e Vale-Alimentação;01/01/2019;4000
BRUNO PEDROSA;Combustíveis e Lubrificantes Automotivos;01/01/2019;6000
BRUNO PEDROSA;Divulgação das Atividades Parlamentares;01/01/2019;8450
BRUNO PEDROSA;Serviços Técnicos Profissionais;01/01/2019;8280
BRUNO PEDROSA;Vale-Refeição e Vale-Alimentação;01/01/2019;2000
CAPITAO WAGNER;Combustíveis e Lubrificantes Automotivos;01/01/2019;6000
CAPITAO WAGNER;Convênio com Plano de Saúde;01/01/2019;3861.14
CAPITAO WAGNER;Hospedagens;01/01/2019;420
CAPITAO WAGNER;Outros Serviços de Terceiros - Pessoa Jurídica;01/01/2019;630
CAPITAO WAGNER;Passagens Aéreas;01/01/2019;4235.05
CAPITAO WAGNER;Serviços Gráficos e Editoriais;01/01/2019;6974.08
CAPITAO WAGNER;Serviços de Telecomunicações;01/01/2019;2243.81
CAPITAO WAGNER;Vale-Refeição e Vale-Alimentação;01/01/2019;5000
CARLOS FELIPE;Combustíveis e Lubrificantes Automotivos;01/01/2019;6000
CARLOS FELIPE;Outros Serviços de Terceiros - Pessoa Jurídica;01/01/2019;198.67
CARLOS FELIPE;Passagens Aéreas;01/01/2019;7618.15
CARLOS FELIPE;Vale-Refeição e Vale-Alimentação;01/01/2019;5000
CARLOS MATOS;Combustíveis e Lubrificantes Automotivos;01/01/2019;4000
CARLOS MATOS;Convênio com Plano de Saúde;01/01/2019;3000.02
CARLOS MATOS;Despesas de Teleprocessamento;01/01/2019;2363.79
CARLOS MATOS;Hospedagens;01/01/2019;468.83
CARLOS MATOS;Locação de Veículos;01/01/2019;2070.56
CARLOS MATOS;Outros Serviços de Terceiros - Pessoa Jurídica;01/01/2019;6586.35
CARLOS MATOS;Passagens Aéreas;01/01/2019;5056.65
CARLOS MATOS;Vale-Refeição e Vale-Alimentação;01/01/2019;5000
DEDE TEIXEIRA;Combustíveis e Lubrificantes Automotivos;01/01/2019;6000
DEDE TEIXEIRA;Hospedagens;01/01/2019;330.01
DEDE TEIXEIRA;Locação de Veículos;01/01/2019;6000
DEDE TEIXEIRA;Serviços Gráficos e Editoriais;01/01/2019;10074.24
DEDE TEIXEIRA;Serviços Técnicos Profissionais;01/01/2019;13140
DEDE TEIXEIRA;Vale-Refeição e Vale-Alimentação;01/01/2019;5000
ELMANO;Combustíveis e Lubrificantes Automotivos;01/01/2019;6000
ELMANO;Outros Serviços de Terceiros - Pessoa Jurídica;01/01/2019;27.77
ELMANO;Serviços Gráficos e Editoriais;01/01/2019;12224.8
ELMANO;Vale-Refeição e Vale-Alimentação;01/01/2019;4000
FERNANDA PESSOA;Combustíveis e Lubrificantes Automotivos;01/01/2019;6000
FERNANDA PESSOA;Despesas de Teleprocessamento;01/01/2019;550
FERNANDA PESSOA;Divulgação das Atividades Parlamentares;01/01/2019;3000
FERNANDA PESSOA;Outros Serviços de Terceiros - Pessoa Jurídica;01/01/2019;9.5
FERNANDA PESSOA;Vale-Refeição e Vale-Alimentação;01/01/2019;5000
FERREIRA ARAGAO;Assinaturas de Periódicos e Anuidades;01/01/2019;543.98
FERREIRA ARAGAO;Combustíveis e Lubrificantes Automotivos;01/01/2019;6000
FERREIRA ARAGAO;Convênio com Plano de Saúde;01/01/2019;5541.62
FERREIRA ARAGAO;Passagens e Despesas com Locomoção;01/01/2019;8116
FERREIRA ARAGAO;Vale-Refeição e Vale-Alimentação;01/01/2019;5000
GONY ARRUDA;Assinaturas de Periódicos e Anuidades;01/01/2019;390.7
GONY ARRUDA;Combustíveis e Lubrificantes Automotivos;01/01/2019;6000
GONY ARRUDA;Divulgação das Atividades Parlamentares;01/01/2019;8000
GONY ARRUDA;Seguros em Geral;01/01/2019;474.56
GONY ARRUDA;Serviços de Telecomunicações;01/01/2019;582.54
GONY ARRUDA;Vale-Refeição e Vale-Alimentação;01/01/2019;5000
HEITOR FERRER;Combustíveis e Lubrificantes Automotivos;01/01/2019;4000
HEITOR FERRER;Outros Serviços de Terceiros - Pessoa Jurídica;01/01/2019;13.65
HEITOR FERRER;Serviços Gráficos e Editoriais;01/01/2019;22360
HEITOR FERRER;Vale-Refeição e Vale-Alimentação;01/01/2019;4997
JOAO JAIME;Combustíveis e Lubrificantes Automotivos;01/01/2019;6000
JOAO JAIME;Divulgação das Atividades Parlamentares;01/01/2019;500
JOAO JAIME;Hospedagens;01/01/2019;6228.62
JOAO JAIME;Passagens Aéreas;01/01/2019;6441.7
JOAO JAIME;Serviços Técnicos Profissionais;01/01/2019;4000
JOAO JAIME;Vale-Refeição e Vale-Alimentação;01/01/2019;4000
JOAQUIM NORONHA;Combustíveis e Lubrificantes Automotivos;01/01/2019;6000
JOAQUIM NORONHA;Passagens e Despesas com Locomoção;01/01/2019;565
JOAQUIM NORONHA;Serviços Técnicos Profissionais;01/01/2019;19980
JOAQUIM NORONHA;Vale-Refeição e Vale-Alimentação;01/01/2019;5000
JOSE ALBUQUERQUE;Combustíveis e Lubrificantes Automotivos;01/01/2019;6000
JOSE ALBUQUERQUE;Locação de Aeronaves;01/01/2019;7560
JOSE ALBUQUERQUE;Locação de Veículos;01/01/2019;12325
JOSE ALBUQUERQUE;Vale-Refeição e Vale-Alimentação;01/01/2019;4000
JULINHO;Combustíveis e Lubrificantes Automotivos;01/01/2019;3000
JULINHO;Divulgação das Atividades Parlamentares;01/01/2019;8000
JULINHO;Serviços Técnicos Profissionais;01/01/2019;16200
JULINHO;Vale-Refeição e Vale-Alimentação;01/01/2019;3000
LEONARDO ARAUJO;Combustíveis e Lubrificantes Automotivos;01/01/2019;6000
LEONARDO ARAUJO;Passagens e Despesas com Locomoção;01/01/2019;5380.77
LEONARDO ARAUJO;Serviços Técnicos Profissionais;01/01/2019;10440
LEONARDO ARAUJO;Vale-Refeição e Vale-Alimentação;01/01/2019;5000
LEONARDO PINHEIRO;Combustíveis e Lubrificantes Automotivos;01/01/2019;6000
LEONARDO PINHEIRO;Vale-Refeição e Vale-Alimentação;01/01/2019;3500
MANOEL DUCA;Combustíveis e Lubrificantes Automotivos;01/01/2019;6000
MANOEL DUCA;Passagens e Despesas com Locomoção;01/01/2019;3169.26
MANOEL DUCA;Serviços Técnicos Profissionais;01/01/2019;14940
MANOEL DUCA;Vale-Refeição e Vale-Alimentação;01/01/2019;1950
MARIO HELIO;Combustíveis e Lubrificantes Automotivos;01/01/2019;6000
MARIO HELIO;Convênio com Plano de Saúde;01/01/2019;2424.27
MARIO HELIO;Divulgação das Atividades Parlamentares;01/01/2019;8000
MARIO HELIO;Serviços Técnicos Profissionais;01/01/2019;9900
MARIO HELIO;Vale-Refeição e Vale-Alimentação;01/01/2019;5000
MIRIAN SOBREIRA;Combustíveis e Lubrificantes Automotivos;01/01/2019;6000
MIRIAN SOBREIRA;Divulgação das Atividades Parlamentares;01/01/2019;8000
MIRIAN SOBREIRA;Outros Serviços de Terceiros - Pessoa Jurídica;01/01/2019;219.04
MIRIAN SOBREIRA;Vale-Refeição e Vale-Alimentação;01/01/2019;4000
MOISES BRAZ;Combustíveis e Lubrificantes Automotivos;01/01/2019;6000
MOISES BRAZ;Despesas de Teleprocessamento;01/01/2019;470
MOISES BRAZ;Locação de Veículos;01/01/2019;12070
MOISES BRAZ;Vale-Refeição e Vale-Alimentação;01/01/2019;4222.5
ODILON AGUIAR;Combustíveis e Lubrificantes Automotivos;01/01/2019;6000
ODILON AGUIAR;Divulgação das Atividades Parlamentares;01/01/2019;8000
ODILON AGUIAR;Locação de Veículos;01/01/2019;7140
ODILON AGUIAR;Serviços Técnicos Profissionais;01/01/2019;5220
ODILON AGUIAR;Vale-Refeição e Vale-Alimentação;01/01/2019;5000
OSMAR BAQUIT;Combustíveis e Lubrificantes Automotivos;01/01/2019;6000
OSMAR BAQUIT;Outros Serviços de Terceiros - Pessoa Jurídica;01/01/2019;21.32
OSMAR BAQUIT;Serviços Técnicos Profissionais;01/01/2019;17280
OSMAR BAQUIT;Vale-Refeição e Vale-Alimentação;01/01/2019;5000
RACHEL MARQUES;Combustíveis e Lubrificantes Automotivos;01/01/2019;3000
RACHEL MARQUES;Passagens e Despesas com Locomoção;01/01/2019;2678.44
RACHEL MARQUES;Serviços Gráficos e Editoriais;01/01/2019;10033.6
RACHEL MARQUES;Serviços Técnicos Profissionais;01/01/2019;7560
RACHEL MARQUES;Vale-Refeição e Vale-Alimentação;01/01/2019;3500
RENATO ROSENO;Combustíveis e Lubrificantes Automotivos;01/01/2019;2600
RENATO ROSENO;Convênio com Plano de Saúde;01/01/2019;783.81
RENATO ROSENO;Hospedagens;01/01/2019;529
RENATO ROSENO;Locação de Veículos;01/01/2019;2380
RENATO ROSENO;Passagens Aéreas;01/01/2019;1301.64
RENATO ROSENO;Serviços de Telecomunicações;01/01/2019;437.09
RENATO ROSENO;Vale-Refeição e Vale-Alimentação;01/01/2019;5000
ROBERIO MONTEIRO;Combustíveis e Lubrificantes Automotivos;01/01/2019;6000
ROBERIO MONTEIRO;Divulgação das Atividades Parlamentares;01/01/2019;8000
ROBERIO MONTEIRO;Vale-Refeição e Vale-Alimentação;01/01/2019;2000
ROBERTO MESQUITA;Combustíveis e Lubrificantes Automotivos;01/01/2019;6000
ROBERTO MESQUITA;Locação de Veículos;01/01/2019;2125
ROBERTO MESQUITA;Serviços Gráficos e Editoriais;01/01/2019;5492.48
ROBERTO MESQUITA;Serviços Técnicos Profissionais;01/01/2019;13500
ROBERTO MESQUITA;Vale-Refeição e Vale-Alimentação;01/01/2019;4000
SERGIO AGUIAR;Combustíveis e Lubrificantes Automotivos;01/01/2019;6000
SERGIO AGUIAR;Divulgação das Atividades Parlamentares;01/01/2019;5800
SERGIO AGUIAR;Outros Serviços de Terceiros - Pessoa Jurídica;01/01/2019;1214.47
SERGIO AGUIAR;Passagens Aéreas;01/01/2019;785.38
SERGIO AGUIAR;Passagens e Despesas com Locomoção;01/01/2019;780.99
SERGIO AGUIAR;Seguros em Geral;01/01/2019;1049.81
SERGIO AGUIAR;Serviços Técnicos Profissionais;01/01/2019;2520
SERGIO AGUIAR;Vale-Refeição e Vale-Alimentação;01/01/2019;3580
TOMAZ HOLANDA;Combustíveis e Lubrificantes Automotivos;01/01/2019;6000
TOMAZ HOLANDA;Passagens Aéreas;01/01/2019;1979.05
TOMAZ HOLANDA;Passagens e Despesas com Locomoção;01/01/2019;4766.59
TOMAZ HOLANDA;Serviços Gráficos e Editoriais;01/01/2019;13119.2
TOMAZ HOLANDA;Vale-Refeição e Vale-Alimentação;01/01/2019;5000
WALTER CAVALCANTE;Combustíveis e Lubrificantes Automotivos;01/01/2019;6000
WALTER CAVALCANTE;Outros Serviços de Terceiros - Pessoa Jurídica;01/01/2019;8696.92
WALTER CAVALCANTE;Seguros em Geral;01/01/2019;1453.18
WALTER CAVALCANTE;Vale-Refeição e Vale-Alimentação;01/01/2019;4000
ADERLANIA NORONHA;Combustíveis e Lubrificantes Automotivos;01/02/2019;6000
ADERLANIA NORONHA;Convênio com Plano de Saúde;01/02/2019;1773.84
ADERLANIA NORONHA;Divulgação das Atividades Parlamentares;01/02/2019;4200
ADERLANIA NORONHA;Passagens Aéreas;01/02/2019;15481.01
ADERLANIA NORONHA;Passagens e Despesas com Locomoção;01/02/2019;97.13
ADERLANIA NORONHA;Serviços Técnicos Profissionais;01/02/2019;9020
ADERLANIA NORONHA;Serviços de Comunicação em Geral;01/02/2019;445.5
ADERLANIA NORONHA;Serviços de Telecomunicações - Pacote de Dados;01/02/2019;471.01
ADERLANIA NORONHA;Vale-Refeição e Vale-Alimentação;01/02/2019;5000
AGENOR NETO;Assinaturas de Periódicos e Anuidades;01/02/2019;120.84
AGENOR NETO;Combustíveis e Lubrificantes Automotivos;01/02/2019;12000
AGENOR NETO;Convênio com Plano de Saúde;01/02/2019;2298.79
AGENOR NETO;Locação de Aeronaves;01/02/2019;6000
AGENOR NETO;Outros Serviços de Terceiros - Pessoa Jurídica;01/02/2019;1450.02
AGENOR NETO;Passagens Aéreas;01/02/2019;585.45
AGENOR NETO;Passagens Terrestres;01/02/2019;84.56
AGENOR NETO;Passagens e Despesas com Locomoção;01/02/2019;1897.5
AGENOR NETO;Serviços Técnicos Profissionais;01/02/2019;8000
AGENOR NETO;Serviços de Telecomunicações - Pacote de Dados;01/02/2019;1044.88
AGENOR NETO;Vale-Refeição e Vale-Alimentação;01/02/2019;5000
ANDRE FERNANDES;Assinaturas de Periódicos e Anuidades;01/02/2019;129.9
ANDRE FERNANDES;Combustíveis e Lubrificantes Automotivos;01/02/2019;6000
ANDRE FERNANDES;Convênio com Plano de Saúde;01/02/2019;771.23
ANDRE FERNANDES;Despesas de Teleprocessamento;01/02/2019;56.02
ANDRE FERNANDES;Serviços Gráficos e Editoriais;01/02/2019;2904
ANDRE FERNANDES;Serviços de Telecomunicações - Pacote de Dados;01/02/2019;171.34
ANDRE FERNANDES;Vale-Refeição e Vale-Alimentação;01/02/2019;5000
ANTONIO GRANJA;Assinaturas de Periódicos e Anuidades;01/02/2019;793.07
ANTONIO GRANJA;Combustíveis e Lubrificantes Automotivos;01/02/2019;6000
ANTONIO GRANJA;Convênio com Plano de Saúde;01/02/2019;2225.3
ANTONIO GRANJA;Divulgação das Atividades Parlamentares;01/02/2019;8000
ANTONIO GRANJA;Locação de Veículos;01/02/2019;7480
ANTONIO GRANJA;Serviços Gráficos e Editoriais;01/02/2019;7988.16
ANTONIO GRANJA;Serviços Técnicos Profissionais;01/02/2019;7020
ANTONIO GRANJA;Serviços de Telecomunicações - Pacote de Dados;01/02/2019;461.26
ANTONIO GRANJA;Vale-Refeição e Vale-Alimentação;01/02/2019;4000
AUDIC MOTA;Combustíveis e Lubrificantes Automotivos;01/02/2019;6000
AUDIC MOTA;Convênio com Plano de Saúde;01/02/2019;1290.22
AUDIC MOTA;Divulgação das Atividades Parlamentares;01/02/2019;4100
AUDIC MOTA;Seguros em Geral;01/02/2019;504.04
AUDIC MOTA;Serviços de Comunicação em Geral;01/02/2019;4
AUDIC MOTA;Serviços de Telecomunicações - Pacote de Dados;01/02/2019;1367.61
AUDIC MOTA;Vale-Refeição e Vale-Alimentação;01/02/2019;5000
AUGUSTA BRITO;Combustíveis e Lubrificantes Automotivos;01/02/2019;6000
AUGUSTA BRITO;Convênio com Plano de Saúde;01/02/2019;2483.96
AUGUSTA BRITO;Passagens e Despesas com Locomoção;01/02/2019;7189.98
AUGUSTA BRITO;Serviços Técnicos Profissionais;01/02/2019;11880
AUGUSTA BRITO;Serviços de Telecomunicações - Pacote de Dados;01/02/2019;1546.27
AUGUSTA BRITO;Vale-Refeição e Vale-Alimentação;01/02/2019;4000
BRUNO GONCALVES;Combustíveis e Lubrificantes Automotivos;01/02/2019;6000
BRUNO GONCALVES;Locação de Veículos;01/02/2019;2125
BRUNO GONCALVES;Serviços Técnicos Profissionais;01/02/2019;40940
BRUNO GONCALVES;Serviços de Telecomunicações - Pacote de Dados;01/02/2019;31.9
BRUNO GONCALVES;Vale-Refeição e Vale-Alimentação;01/02/2019;4000
BRUNO PEDROSA;Combustíveis e Lubrificantes Automotivos;01/02/2019;6000
BRUNO PEDROSA;Convênio com Plano de Saúde;01/02/2019;1757.21
BRUNO PEDROSA;Divulgação das Atividades Parlamentares;01/02/2019;8000
BRUNO PEDROSA;Passagens Terrestres;01/02/2019;586.55
BRUNO PEDROSA;Serviços Técnicos Profissionais;01/02/2019;19800
BRUNO PEDROSA;Serviços de Telecomunicações - Pacote de Dados;01/02/2019;100.54
BRUNO PEDROSA;Vale-Refeição e Vale-Alimentação;01/02/2019;2000
CAPITAO WAGNER;Serviços de Telecomunicações - Pacote de Dados;01/02/2019;2311.02
CARLOS FELIPE;Combustíveis e Lubrificantes Automotivos;01/02/2019;6000
CARLOS FELIPE;Divulgação das Atividades Parlamentares;01/02/2019;8000
CARLOS FELIPE;Serviços Gráficos e Editoriais;01/02/2019;11160
CARLOS FELIPE;Serviços Técnicos Profissionais;01/02/2019;12780
CARLOS FELIPE;Serviços de Telecomunicações - Pacote de Dados;01/02/2019;1122.15
CARLOS FELIPE;Vale-Refeição e Vale-Alimentação;01/02/2019;5000
CARLOS MATOS;Despesas de Teleprocessamento;01/02/2019;3000
CARLOS MATOS;Hospedagens;01/02/2019;-468.83
CARLOS MATOS;Outros Serviços de Terceiros - Pessoa Jurídica;01/02/2019;468.83
CARLOS MATOS;Passagens Aéreas;01/02/2019;-3268.61
CARLOS MATOS;Passagens e Despesas com Locomoção;01/02/2019;3268.61
CARLOS MATOS;Serviços de Comunicação em Geral;01/02/2019;64.66
CARLOS MATOS;Serviços de Telecomunicações - Pacote de Dados;01/02/2019;201.09
DANNIEL OLIVEIRA;Combustíveis e Lubrificantes Automotivos;01/02/2019;6000
DANNIEL OLIVEIRA;Outros Serviços de Terceiros - Pessoa Jurídica;01/02/2019;3998.51
DANNIEL OLIVEIRA;Passagens e Despesas com Locomoção;01/02/2019;6358.34
DANNIEL OLIVEIRA;Serviços Técnicos Profissionais;01/02/2019;8280
DANNIEL OLIVEIRA;Serviços de Telecomunicações - Pacote de Dados;01/02/2019;1272.32
DANNIEL OLIVEIRA;Vale-Refeição e Vale-Alimentação;01/02/2019;5000
DAVID DURAND;Combustíveis e Lubrificantes Automotivos;01/02/2019;6000
DAVID DURAND;Serviços Técnicos Profissionais;01/02/2019;26280
DAVID DURAND;Serviços de Telecomunicações - Pacote de Dados;01/02/2019;283.87
DAVID DURAND;Vale-Refeição e Vale-Alimentação;01/02/2019;5000
DELEGADO CAVALCANTE;Combustíveis e Lubrificantes Automotivos;01/02/2019;6000
DELEGADO CAVALCANTE;Passagens Aéreas;01/02/2019;3578.53
DELEGADO CAVALCANTE;Vale-Refeição e Vale-Alimentação;01/02/2019;4800
DR. SARTO;Assinaturas de Periódicos e Anuidades;01/02/2019;676.19
DR. SARTO;Combustíveis e Lubrificantes Automotivos;01/02/2019;6000
DR. SARTO;Convênio com Plano de Saúde;01/02/2019;1421.64
DR. SARTO;Vale-Refeição e Vale-Alimentação;01/02/2019;4000
DRA SILVANA;Combustíveis e Lubrificantes Automotivos;01/02/2019;6000
DRA SILVANA;Passagens Aéreas;01/02/2019;20759.78
DRA SILVANA;Serviços de Telecomunicações - Pacote de Dados;01/02/2019;427.94
DRA SILVANA;Vale-Refeição e Vale-Alimentação;01/02/2019;5000
ELMANO;Combustíveis e Lubrificantes Automotivos;01/02/2019;6000
ELMANO;Divulgação das Atividades Parlamentares;01/02/2019;8000
ELMANO;Locação de Veículos;01/02/2019;12000
ELMANO;Passagens Aéreas;01/02/2019;4318.71
ELMANO;Passagens e Despesas com Locomoção;01/02/2019;6118.67
ELMANO;Serviços de Telecomunicações - Pacote de Dados;01/02/2019;41.34
ELMANO;Vale-Refeição e Vale-Alimentação;01/02/2019;4000
EVANDRO LEITAO;Combustíveis e Lubrificantes Automotivos;01/02/2019;6000
EVANDRO LEITAO;Serviços Técnicos Profissionais;01/02/2019;9900
EVANDRO LEITAO;Serviços de Telecomunicações - Pacote de Dados;01/02/2019;30.9
EVANDRO LEITAO;Vale-Refeição e Vale-Alimentação;01/02/2019;4500
FERNANDA PESSOA;Combustíveis e Lubrificantes Automotivos;01/02/2019;6000
FERNANDA PESSOA;Despesas de Teleprocessamento;01/02/2019;550
FERNANDA PESSOA;Divulgação das Atividades Parlamentares;01/02/2019;13000
FERNANDA PESSOA;Locação de Veículos;01/02/2019;3600
FERNANDA PESSOA;Serviços Técnicos Profissionais;01/02/2019;3060
FERNANDA PESSOA;Serviços de Telecomunicações - Pacote de Dados;01/02/2019;935.57
FERNANDA PESSOA;Vale-Refeição e Vale-Alimentação;01/02/2019;5000
FERNANDO HUGO;Combustíveis e Lubrificantes Automotivos;01/02/2019;6000
FERNANDO HUGO;Divulgação das Atividades Parlamentares;01/02/2019;15820
FERNANDO HUGO;Hospedagens;01/02/2019;1092.01
FERNANDO HUGO;Passagens Aéreas;01/02/2019;4332.27
FERNANDO HUGO;Serviços de Telecomunicações - Pacote de Dados;01/02/2019;6749.77
FERNANDO HUGO;Vale-Refeição e Vale-Alimentação;01/02/2019;2000
FERNANDO SANTANA;Combustíveis e Lubrificantes Automotivos;01/02/2019;6000
FERNANDO SANTANA;Divulgação das Atividades Parlamentares;01/02/2019;8000
FERNANDO SANTANA;Vale-Refeição e Vale-Alimentação;01/02/2019;4900
GONY ARRUDA;Assinaturas de Periódicos e Anuidades;01/02/2019;440.7
GONY ARRUDA;Convênio com Plano de Saúde;01/02/2019;8004.62
GONY ARRUDA;Despesas de Teleprocessamento;01/02/2019;230.4
GONY ARRUDA;Divulgação das Atividades Parlamentares;01/02/2019;8000
GONY ARRUDA;Outros Serviços de Terceiros - Pessoa Jurídica;01/02/2019;274.34
GONY ARRUDA;Seguros em Geral;01/02/2019;474.56
GONY ARRUDA;Serviços de Telecomunicações;01/02/2019;-274.34
GONY ARRUDA;Serviços de Telecomunicações - Pacote de Dados;01/02/2019;318.07
HEITOR FERRER;Assinaturas de Periódicos e Anuidades;01/02/2019;1061.58
HEITOR FERRER;Combustíveis e Lubrificantes Automotivos;01/02/2019;4000
HEITOR FERRER;Convênio com Plano de Saúde;01/02/2019;1589.79
HEITOR FERRER;Divulgação das Atividades Parlamentares;01/02/2019;2400
HEITOR FERRER;Serviços Gráficos e Editoriais;01/02/2019;15960
HEITOR FERRER;Serviços de Telecomunicações;01/02/2019;21.79
HEITOR FERRER;Serviços de Telecomunicações - Pacote de Dados;01/02/2019;1330.61
HEITOR FERRER;Vale-Refeição e Vale-Alimentação;01/02/2019;4997
JEOVA MOTA;Combustíveis e Lubrificantes Automotivos;01/02/2019;6000
JEOVA MOTA;Divulgação das Atividades Parlamentares;01/02/2019;8000
JEOVA MOTA;Serviços Técnicos Profissionais;01/02/2019;8100
JEOVA MOTA;Vale-Refeição e Vale-Alimentação;01/02/2019;1500
JOAO JAIME;Combustíveis e Lubrificantes Automotivos;01/02/2019;6000
JOAO JAIME;Divulgação das Atividades Parlamentares;01/02/2019;500
JOAO JAIME;Hospedagens;01/02/2019;-1670.31
JOAO JAIME;Outros Serviços de Terceiros - Pessoa Jurídica;01/02/2019;1670.31
JOAO JAIME;Passagens Aéreas;01/02/2019;-6441.7
JOAO JAIME;Passagens e Despesas com Locomoção;01/02/2019;6441.7
JOAO JAIME;Vale-Refeição e Vale-Alimentação;01/02/2019;4000
JULINHO;Combustíveis e Lubrificantes Automotivos;01/02/2019;3000
JULINHO;Divulgação das Atividades Parlamentares;01/02/2019;8000
JULINHO;Serviços Técnicos Profissionais;01/02/2019;14940
JULINHO;Serviços de Telecomunicações - Pacote de Dados;01/02/2019;2621.1
JULINHO;Vale-Refeição e Vale-Alimentação;01/02/2019;3000
LEONARDO ARAUJO;Combustíveis e Lubrificantes Automotivos;01/02/2019;6000
LEONARDO ARAUJO;Hospedagens;01/02/2019;1984.95
LEONARDO ARAUJO;Passagens Aéreas;01/02/2019;1161.88
LEONARDO ARAUJO;Passagens e Despesas com Locomoção;01/02/2019;12285
LEONARDO ARAUJO;Serviços Gráficos e Editoriais;01/02/2019;4352
LEONARDO ARAUJO;Serviços Técnicos Profissionais;01/02/2019;3960
LEONARDO ARAUJO;Serviços de Comunicação em Geral;01/02/2019;80.48
LEONARDO ARAUJO;Serviços de Telecomunicações - Pacote de Dados;01/02/2019;372.32
LEONARDO ARAUJO;Vale-Refeição e Vale-Alimentação;01/02/2019;5000
LEONARDO PINHEIRO;Combustíveis e Lubrificantes Automotivos;01/02/2019;6000
LEONARDO PINHEIRO;Divulgação das Atividades Parlamentares;01/02/2019;400
LEONARDO PINHEIRO;Serviços Gráficos e Editoriais;01/02/2019;7264
LEONARDO PINHEIRO;Serviços Técnicos Profissionais;01/02/2019;21960
LEONARDO PINHEIRO;Vale-Refeição e Vale-Alimentação;01/02/2019;3500
LUCILVIO GIRAO;Combustíveis e Lubrificantes Automotivos;01/02/2019;6000
LUCILVIO GIRAO;Convênio com Plano de Saúde;01/02/2019;1646.62
LUCILVIO GIRAO;Serviços Técnicos Profissionais;01/02/2019;11160
LUCILVIO GIRAO;Serviços de Telecomunicações - Pacote de Dados;01/02/2019;39.03
LUCILVIO GIRAO;Vale-Refeição e Vale-Alimentação;01/02/2019;2500
MIRIAN SOBREIRA;Passagens Aéreas;01/02/2019;799.74
MIRIAN SOBREIRA;Passagens e Despesas com Locomoção;01/02/2019;2350.32
MIRIAN SOBREIRA;Serviços Gráficos e Editoriais;01/02/2019;7988.16
MIRIAN SOBREIRA;Serviços Técnicos Profissionais;01/02/2019;8100
MIRIAN SOBREIRA;Serviços de Telecomunicações - Pacote de Dados;01/02/2019;342.51
MOISES BRAZ;Combustíveis e Lubrificantes Automotivos;01/02/2019;6000
MOISES BRAZ;Despesas de Teleprocessamento;01/02/2019;99.9
MOISES BRAZ;Despesas de Teleprocessamento;01/02/2019;470
MOISES BRAZ;Passagens Aéreas;01/02/2019;3043.1
MOISES BRAZ;Serviços de Telecomunicações - Pacote de Dados;01/02/2019;378.62
MOISES BRAZ;Vale-Refeição e Vale-Alimentação;01/02/2019;4222.5
OSMAR BAQUIT;Combustíveis e Lubrificantes Automotivos;01/02/2019;6000
OSMAR BAQUIT;Passagens e Despesas com Locomoção;01/02/2019;620.29
OSMAR BAQUIT;Serviços Técnicos Profissionais;01/02/2019;18900
OSMAR BAQUIT;Serviços de Telecomunicações - Pacote de Dados;01/02/2019;1311.66
OSMAR BAQUIT;Vale-Refeição e Vale-Alimentação;01/02/2019;5000
RENATO ROSENO;Combustíveis e Lubrificantes Automotivos;01/02/2019;2600
RENATO ROSENO;Convênio com Plano de Saúde;01/02/2019;783.81
RENATO ROSENO;Locação de Veículos;01/02/2019;2380
RENATO ROSENO;Passagens Aéreas;01/02/2019;1151.15
RENATO ROSENO;Passagens Terrestres;01/02/2019;668.13
RENATO ROSENO;Serviços de Telecomunicações - Pacote de Dados;01/02/2019;434.08
RENATO ROSENO;Vale-Refeição e Vale-Alimentação;01/02/2019;5000
SERGIO AGUIAR;Combustíveis e Lubrificantes Automotivos;01/02/2019;6000
SERGIO AGUIAR;Despesas de Teleprocessamento;01/02/2019;2500
SERGIO AGUIAR;Divulgação das Atividades Parlamentares;01/02/2019;4800
SERGIO AGUIAR;Passagens Aéreas;01/02/2019;5614.09
SERGIO AGUIAR;Passagens Terrestres;01/02/2019;235.95
SERGIO AGUIAR;Passagens e Despesas com Locomoção;01/02/2019;232.04
SERGIO AGUIAR;Seguros em Geral;01/02/2019;1049.81
SERGIO AGUIAR;Serviços Gráficos e Editoriais;01/02/2019;10585.6
SERGIO AGUIAR;Serviços Técnicos Profissionais;01/02/2019;2520
SERGIO AGUIAR;Serviços de Comunicação em Geral;01/02/2019;28
SERGIO AGUIAR;Serviços de Telecomunicações;01/02/2019;21.79
SERGIO AGUIAR;Serviços de Telecomunicações - Pacote de Dados;01/02/2019;1400.11
SERGIO AGUIAR;Vale-Refeição e Vale-Alimentação;01/02/2019;5000
SOLDADO NOELIO;Combustíveis e Lubrificantes Automotivos;01/02/2019;6000
SOLDADO NOELIO;Divulgação das Atividades Parlamentares;01/02/2019;2000
SOLDADO NOELIO;Passagens Aéreas;01/02/2019;2091.78
SOLDADO NOELIO;Vale-Refeição e Vale-Alimentação;01/02/2019;5000
TIN GOMES;Combustíveis e Lubrificantes Automotivos;01/02/2019;6000
TIN GOMES;Convênio com Plano de Saúde;01/02/2019;9568.14
TIN GOMES;Divulgação das Atividades Parlamentares;01/02/2019;6300
TIN GOMES;Locação de Veículos;01/02/2019;3145
TIN GOMES;Serviços de Telecomunicações - Pacote de Dados;01/02/2019;1983.98
TIN GOMES;Vale-Refeição e Vale-Alimentação;01/02/2019;5297
WALTER CAVALCANTE;Combustíveis e Lubrificantes Automotivos;01/02/2019;6000
WALTER CAVALCANTE;Divulgação das Atividades Parlamentares;01/02/2019;1000
WALTER CAVALCANTE;Hospedagens;01/02/2019;737.44
WALTER CAVALCANTE;Seguros em Geral;01/02/2019;1453.18
WALTER CAVALCANTE;Serviços Técnicos Profissionais;01/02/2019;3960
WALTER CAVALCANTE;Serviços de Comunicação em Geral;01/02/2019;44.56
WALTER CAVALCANTE;Serviços de Telecomunicações - Pacote de Dados;01/02/2019;1413.44
WALTER CAVALCANTE;Vale-Refeição e Vale-Alimentação;01/02/2019;4000
ADERLANIA NORONHA;Combustíveis e Lubrificantes Automotivos;01/03/2019;6000
ADERLANIA NORONHA;Convênio com Plano de Saúde;01/03/2019;1795.98
ADERLANIA NORONHA;Divulgação das Atividades Parlamentares;01/03/2019;5400
ADERLANIA NORONHA;Serviços Técnicos Profissionais;01/03/2019;7020
ADERLANIA NORONHA;Serviços de Comunicação em Geral;01/03/2019;67.84
ADERLANIA NORONHA;Vale-Refeição e Vale-Alimentação;01/03/2019;5000
AGENOR NETO;Assinaturas de Periódicos e Anuidades;01/03/2019;123.56
AGENOR NETO;Convênio com Plano de Saúde;01/03/2019;2298.79
AGENOR NETO;Hospedagens;01/03/2019;620.01
AGENOR NETO;Locação de Aeronaves;01/03/2019;2499.9
AGENOR NETO;Passagens Aéreas;01/03/2019;2735.93
AGENOR NETO;Passagens Terrestres;01/03/2019;853.15
AGENOR NETO;Serviços Técnicos Profissionais;01/03/2019;8000
AGENOR NETO;Vale-Refeição e Vale-Alimentação;01/03/2019;5000
ANDRE FERNANDES;Assinaturas de Periódicos e Anuidades;01/03/2019;129.9
ANDRE FERNANDES;Combustíveis e Lubrificantes Automotivos;01/03/2019;6000
ANDRE FERNANDES;Serviços Gráficos e Editoriais;01/03/2019;5576
ANDRE FERNANDES;Serviços de Telecomunicações - Pacote de Dados;01/03/2019;241.55
ANDRE FERNANDES;Vale-Refeição e Vale-Alimentação;01/03/2019;5000
ANTONIO GRANJA;Combustíveis e Lubrificantes Automotivos;01/03/2019;6000
ANTONIO GRANJA;Convênio com Plano de Saúde;01/03/2019;2279.15
ANTONIO GRANJA;Divulgação das Atividades Parlamentares;01/03/2019;8000
ANTONIO GRANJA;Locação de Veículos;01/03/2019;7947.5
ANTONIO GRANJA;Vale-Refeição e Vale-Alimentação;01/03/2019;4000
AP. LUIZ HENRIQUE;Assinaturas de Periódicos e Anuidades;01/03/2019;247.38
AP. LUIZ HENRIQUE;Combustíveis e Lubrificantes Automotivos;01/03/2019;6000
AP. LUIZ HENRIQUE;Divulgação das Atividades Parlamentares;01/03/2019;600
AP. LUIZ HENRIQUE;Serviços de Telecomunicações - Pacote de Dados;01/03/2019;511.31
AP. LUIZ HENRIQUE;Vale-Refeição e Vale-Alimentação;01/03/2019;5000
AUDIC MOTA;Combustíveis e Lubrificantes Automotivos;01/03/2019;6000
AUDIC MOTA;Convênio com Plano de Saúde;01/03/2019;1299.26
AUDIC MOTA;Divulgação das Atividades Parlamentares;01/03/2019;4100
AUDIC MOTA;Passagens Terrestres;01/03/2019;345.57
AUDIC MOTA;Seguros em Geral;01/03/2019;504.04
AUDIC MOTA;Serviços de Telecomunicações - Pacote de Dados;01/03/2019;1397.26
AUDIC MOTA;Vale-Refeição e Vale-Alimentação;01/03/2019;5000
AUGUSTA BRITO;Combustíveis e Lubrificantes Automotivos;01/03/2019;6000
AUGUSTA BRITO;Convênio com Plano de Saúde;01/03/2019;2709.66
AUGUSTA BRITO;Locação de Veículos;01/03/2019;2411.8
AUGUSTA BRITO;Passagens Terrestres;01/03/2019;290.18
AUGUSTA BRITO;Passagens e Despesas com Locomoção;01/03/2019;346.54
AUGUSTA BRITO;Serviços Gráficos e Editoriais;01/03/2019;2694.4
AUGUSTA BRITO;Serviços Técnicos Profissionais;01/03/2019;7920
AUGUSTA BRITO;Vale-Refeição e Vale-Alimentação;01/03/2019;5000
BRUNO GONCALVES;Combustíveis e Lubrificantes Automotivos;01/03/2019;6000
BRUNO GONCALVES;Serviços Técnicos Profissionais;01/03/2019;16000
BRUNO GONCALVES;Vale-Refeição e Vale-Alimentação;01/03/2019;4000
BRUNO PEDROSA;Combustíveis e Lubrificantes Automotivos;01/03/2019;6000
BRUNO PEDROSA;Convênio com Plano de Saúde;01/03/2019;926.19
BRUNO PEDROSA;Divulgação das Atividades Parlamentares;01/03/2019;8450
BRUNO PEDROSA;Serviços Técnicos Profissionais;01/03/2019;8100
BRUNO PEDROSA;Serviços de Telecomunicações - Pacote de Dados;01/03/2019;50.27
BRUNO PEDROSA;Vale-Refeição e Vale-Alimentação;01/03/2019;2000
CARLOS FELIPE;Combustíveis e Lubrificantes Automotivos;01/03/2019;6000
CARLOS FELIPE;Divulgação das Atividades Parlamentares;01/03/2019;8000
CARLOS FELIPE;Serviços Técnicos Profissionais;01/03/2019;9920
CARLOS FELIPE;Serviços de Telecomunicações - Pacote de Dados;01/03/2019;3535.84
CARLOS FELIPE;Vale-Refeição e Vale-Alimentação;01/03/2019;5000
DANNIEL OLIVEIRA;Combustíveis e Lubrificantes Automotivos;01/03/2019;6000
DANNIEL OLIVEIRA;Divulgação das Atividades Parlamentares;01/03/2019;5300
DANNIEL OLIVEIRA;Hospedagens;01/03/2019;391.01
DANNIEL OLIVEIRA;Passagens Aéreas;01/03/2019;2588.03
DANNIEL OLIVEIRA;Passagens Terrestres;01/03/2019;146.66
DANNIEL OLIVEIRA;Serviços de Telecomunicações - Pacote de Dados;01/03/2019;49.63
DANNIEL OLIVEIRA;Vale-Refeição e Vale-Alimentação;01/03/2019;5000
DAVID DURAND;Combustíveis e Lubrificantes Automotivos;01/03/2019;6000
DAVID DURAND;Divulgação das Atividades Parlamentares;01/03/2019;2000
DAVID DURAND;Passagens Aéreas;01/03/2019;442.88
DAVID DURAND;Passagens Terrestres;01/03/2019;80.01
DAVID DURAND;Serviços Técnicos Profissionais;01/03/2019;20160
DAVID DURAND;Vale-Refeição e Vale-Alimentação;01/03/2019;5000
DELEGADO CAVALCANTE;Combustíveis e Lubrificantes Automotivos;01/03/2019;6000
DELEGADO CAVALCANTE;Convênio com Plano de Saúde;01/03/2019;3015.59
DELEGADO CAVALCANTE;Passagens Aéreas;01/03/2019;3091.82
DELEGADO CAVALCANTE;Vale-Refeição e Vale-Alimentação;01/03/2019;4800
DR. SARTO;Assinaturas de Periódicos e Anuidades;01/03/2019;676.19
DR. SARTO;Combustíveis e Lubrificantes Automotivos;01/03/2019;6000
DR. SARTO;Convênio com Plano de Saúde;01/03/2019;1450.54
DR. SARTO;Vale-Refeição e Vale-Alimentação;01/03/2019;4000
DRA SILVANA;Combustíveis e Lubrificantes Automotivos;01/03/2019;6000
DRA SILVANA;Hospedagens;01/03/2019;4806.38
DRA SILVANA;Passagens Aéreas;01/03/2019;34449.06
DRA SILVANA;Vale-Refeição e Vale-Alimentação;01/03/2019;5000
ELMANO;Combustíveis e Lubrificantes Automotivos;01/03/2019;6000
ELMANO;Divulgação das Atividades Parlamentares;01/03/2019;8000
ELMANO;Serviços Gráficos e Editoriais;01/03/2019;12224.8
ELMANO;Vale-Refeição e Vale-Alimentação;01/03/2019;4000
FERNANDA PESSOA;Combustíveis e Lubrificantes Automotivos;01/03/2019;6000
FERNANDA PESSOA;Despesas de Teleprocessamento;01/03/2019;550
FERNANDA PESSOA;Divulgação das Atividades Parlamentares;01/03/2019;8000
FERNANDA PESSOA;Locação de Veículos;01/03/2019;3600
FERNANDA PESSOA;Serviços Gráficos e Editoriais;01/03/2019;15120
FERNANDA PESSOA;Serviços Técnicos Profissionais;01/03/2019;3060
FERNANDA PESSOA;Serviços de Comunicação em Geral;01/03/2019;8.45
FERNANDA PESSOA;Serviços de Telecomunicações - Pacote de Dados;01/03/2019;50.27
FERNANDA PESSOA;Vale-Refeição e Vale-Alimentação;01/03/2019;5000
FERNANDO HUGO;Combustíveis e Lubrificantes Automotivos;01/03/2019;6000
FERNANDO HUGO;Serviços Técnicos Profissionais;01/03/2019;13500
FERNANDO HUGO;Serviços de Telecomunicações - Pacote de Dados;01/03/2019;3709.12
FERNANDO HUGO;Vale-Refeição e Vale-Alimentação;01/03/2019;2000
FERNANDO SANTANA;Combustíveis e Lubrificantes Automotivos;01/03/2019;6000
FERNANDO SANTANA;Divulgação das Atividades Parlamentares;01/03/2019;8000
FERNANDO SANTANA;Vale-Refeição e Vale-Alimentação;01/03/2019;4900
GONY ARRUDA;Assinaturas de Periódicos e Anuidades;01/03/2019;703.15
GONY ARRUDA;Convênio com Plano de Saúde;01/03/2019;3984.32
GONY ARRUDA;Despesas de Teleprocessamento;01/03/2019;114.06
GONY ARRUDA;Seguros em Geral;01/03/2019;474.56
GONY ARRUDA;Serviços de Telecomunicações;01/03/2019;313.45
GUILHERME LANDIM;Combustíveis e Lubrificantes Automotivos;01/03/2019;6000
GUILHERME LANDIM;Convênio com Plano de Saúde;01/03/2019;759.45
GUILHERME LANDIM;Passagens Aéreas;01/03/2019;4203.94
GUILHERME LANDIM;Passagens Terrestres;01/03/2019;659.94
GUILHERME LANDIM;Serviços de Comunicação em Geral;01/03/2019;63.8
GUILHERME LANDIM;Vale-Refeição e Vale-Alimentação;01/03/2019;5000
HEITOR FERRER;Assinaturas de Periódicos e Anuidades;01/03/2019;1085.24
HEITOR FERRER;Combustíveis e Lubrificantes Automotivos;01/03/2019;4000
HEITOR FERRER;Convênio com Plano de Saúde;01/03/2019;1589.78
HEITOR FERRER;Divulgação das Atividades Parlamentares;01/03/2019;3450
HEITOR FERRER;Serviços de Comunicação em Geral;01/03/2019;7.6
HEITOR FERRER;Serviços de Telecomunicações;01/03/2019;21.79
HEITOR FERRER;Serviços de Telecomunicações - Pacote de Dados;01/03/2019;164.84
HEITOR FERRER;Vale-Refeição e Vale-Alimentação;01/03/2019;4997
JEOVA MOTA;Combustíveis e Lubrificantes Automotivos;01/03/2019;6000
JEOVA MOTA;Divulgação das Atividades Parlamentares;01/03/2019;8000
JEOVA MOTA;Serviços Técnicos Profissionais;01/03/2019;8100
JEOVA MOTA;Vale-Refeição e Vale-Alimentação;01/03/2019;1500
JOAO JAIME;Combustíveis e Lubrificantes Automotivos;01/03/2019;6000
JOAO JAIME;Divulgação das Atividades Parlamentares;01/03/2019;500
JOAO JAIME;Outros Serviços de Terceiros - Pessoa Jurídica;01/03/2019;3036.01
JOAO JAIME;Vale-Refeição e Vale-Alimentação;01/03/2019;4000
JULINHO;Combustíveis e Lubrificantes Automotivos;01/03/2019;3000
JULINHO;Divulgação das Atividades Parlamentares;01/03/2019;8000
JULINHO;Serviços Técnicos Profissionais;01/03/2019;17100
JULINHO;Serviços de Telecomunicações - Pacote de Dados;01/03/2019;1344.07
JULINHO;Vale-Refeição e Vale-Alimentação;01/03/2019;3000
LEONARDO ARAUJO;Combustíveis e Lubrificantes Automotivos;01/03/2019;6000
LEONARDO ARAUJO;Serviços Gráficos e Editoriais;01/03/2019;4009.6
LEONARDO ARAUJO;Serviços Técnicos Profissionais;01/03/2019;16740
LEONARDO ARAUJO;Serviços de Comunicação em Geral;01/03/2019;408.37
LEONARDO ARAUJO;Serviços de Telecomunicações - Pacote de Dados;01/03/2019;41.93
LEONARDO ARAUJO;Vale-Refeição e Vale-Alimentação;01/03/2019;5000
LEONARDO PINHEIRO;Combustíveis e Lubrificantes Automotivos;01/03/2019;6000
LEONARDO PINHEIRO;Divulgação das Atividades Parlamentares;01/03/2019;1000
LEONARDO PINHEIRO;Serviços Técnicos Profissionais;01/03/2019;21960
LEONARDO PINHEIRO;Vale-Refeição e Vale-Alimentação;01/03/2019;3500
LUCILVIO GIRAO;Combustíveis e Lubrificantes Automotivos;01/03/2019;6000
LUCILVIO GIRAO;Convênio com Plano de Saúde;01/03/2019;1646.62
LUCILVIO GIRAO;Serviços Técnicos Profissionais;01/03/2019;26820
LUCILVIO GIRAO;Vale-Refeição e Vale-Alimentação;01/03/2019;2500
MANOEL DUCA;Combustíveis e Lubrificantes Automotivos;01/03/2019;6000
MANOEL DUCA;Convênio com Plano de Saúde;01/03/2019;2090.19
MANOEL DUCA;Serviços Técnicos Profissionais;01/03/2019;14940
MANOEL DUCA;Serviços de Telecomunicações - Pacote de Dados;01/03/2019;321.3
MANOEL DUCA;Vale-Refeição e Vale-Alimentação;01/03/2019;1950
MARCOS SOBREIRA;Combustíveis e Lubrificantes Automotivos;01/03/2019;6000
MARCOS SOBREIRA;Hospedagens;01/03/2019;1464.75
MARCOS SOBREIRA;Passagens Aéreas;01/03/2019;492.84
MARCOS SOBREIRA;Passagens Terrestres;01/03/2019;437.36
MARCOS SOBREIRA;Serviços Gráficos e Editoriais;01/03/2019;1716
MARCOS SOBREIRA;Serviços Técnicos Profissionais;01/03/2019;9000
MARCOS SOBREIRA;Serviços de Telecomunicações - Pacote de Dados;01/03/2019;293.03
MARCOS SOBREIRA;Vale-Refeição e Vale-Alimentação;01/03/2019;3200
MOISES BRAZ;Combustíveis e Lubrificantes Automotivos;01/03/2019;6000
MOISES BRAZ;Despesas de Teleprocessamento;01/03/2019;470
MOISES BRAZ;Divulgação das Atividades Parlamentares;01/03/2019;700
MOISES BRAZ;Locação de Veículos;01/03/2019;12070
MOISES BRAZ;Passagens Aéreas;01/03/2019;995.35
MOISES BRAZ;Serviços de Telecomunicações - Pacote de Dados;01/03/2019;78.73
MOISES BRAZ;Vale-Refeição e Vale-Alimentação;01/03/2019;4222.5
NELINHO;Combustíveis e Lubrificantes Automotivos;01/03/2019;6000
NELINHO;Convênio com Plano de Saúde;01/03/2019;716.83
NELINHO;Divulgação das Atividades Parlamentares;01/03/2019;8000
NELINHO;Locação de Aeronaves;01/03/2019;11340
NELINHO;Passagens Aéreas;01/03/2019;1185.91
NELINHO;Vale-Refeição e Vale-Alimentação;01/03/2019;3500
NEZINHO FARIAS;Divulgação das Atividades Parlamentares;01/03/2019;7900
NEZINHO FARIAS;Serviços Técnicos Profissionais;01/03/2019;11520
NEZINHO FARIAS;Serviços de Telecomunicações - Pacote de Dados;01/03/2019;99.98
NEZINHO FARIAS;Vale-Refeição e Vale-Alimentação;01/03/2019;5000
NIZO COSTA;Combustíveis e Lubrificantes Automotivos;01/03/2019;6000
NIZO COSTA;Convênio com Plano de Saúde;01/03/2019;2074.21
NIZO COSTA;Divulgação das Atividades Parlamentares;01/03/2019;8000
NIZO COSTA;Serviços Técnicos Profissionais;01/03/2019;8100
NIZO COSTA;Vale-Refeição e Vale-Alimentação;01/03/2019;2900
OSMAR BAQUIT;Combustíveis e Lubrificantes Automotivos;01/03/2019;6000
OSMAR BAQUIT;Serviços Técnicos Profissionais;01/03/2019;19440
OSMAR BAQUIT;Serviços de Telecomunicações - Pacote de Dados;01/03/2019;2036.53
OSMAR BAQUIT;Vale-Refeição e Vale-Alimentação;01/03/2019;5000
PATRICIA AGUIAR;Combustíveis e Lubrificantes Automotivos;01/03/2019;6000
PATRICIA AGUIAR;Divulgação das Atividades Parlamentares;01/03/2019;13000
PATRICIA AGUIAR;Serviços Técnicos Profissionais;01/03/2019;15120
PATRICIA AGUIAR;Vale-Refeição e Vale-Alimentação;01/03/2019;5000
RENATO ROSENO;Combustíveis e Lubrificantes Automotivos;01/03/2019;2600
RENATO ROSENO;Convênio com Plano de Saúde;01/03/2019;783.81
RENATO ROSENO;Despesas de Teleprocessamento;01/03/2019;107.24
RENATO ROSENO;Locação de Veículos;01/03/2019;2380
RENATO ROSENO;Passagens Aéreas;01/03/2019;2204.01
RENATO ROSENO;Passagens Terrestres;01/03/2019;798.15
RENATO ROSENO;Serviços de Telecomunicações - Pacote de Dados;01/03/2019;317.7
RENATO ROSENO;Vale-Refeição e Vale-Alimentação;01/03/2019;5000
ROMEU ALDIGUERI;Combustíveis e Lubrificantes Automotivos;01/03/2019;6000
ROMEU ALDIGUERI;Convênio com Plano de Saúde;01/03/2019;2148.96
ROMEU ALDIGUERI;Divulgação das Atividades Parlamentares;01/03/2019;2200
ROMEU ALDIGUERI;Serviços Técnicos Profissionais;01/03/2019;13040
ROMEU ALDIGUERI;Vale-Refeição e Vale-Alimentação;01/03/2019;5000
SERGIO AGUIAR;Combustíveis e Lubrificantes Automotivos;01/03/2019;6000
SERGIO AGUIAR;Despesas de Teleprocessamento;01/03/2019;2500
SERGIO AGUIAR;Divulgação das Atividades Parlamentares;01/03/2019;5300
SERGIO AGUIAR;Seguros em Geral;01/03/2019;1049.81
SERGIO AGUIAR;Serviços Técnicos Profissionais;01/03/2019;2520
SERGIO AGUIAR;Serviços de Comunicação em Geral;01/03/2019;107.25
SERGIO AGUIAR;Serviços de Telecomunicações;01/03/2019;21.79
SERGIO AGUIAR;Serviços de Telecomunicações - Pacote de Dados;01/03/2019;1369.29
SERGIO AGUIAR;Vale-Refeição e Vale-Alimentação;01/03/2019;5000
SOLDADO NOELIO;Combustíveis e Lubrificantes Automotivos;01/03/2019;6000
SOLDADO NOELIO;Divulgação das Atividades Parlamentares;01/03/2019;2900
SOLDADO NOELIO;Hospedagens;01/03/2019;1280.04
SOLDADO NOELIO;Passagens Aéreas;01/03/2019;4626.68
SOLDADO NOELIO;Vale-Refeição e Vale-Alimentação;01/03/2019;5000
TIN GOMES;Combustíveis e Lubrificantes Automotivos;01/03/2019;6000
TIN GOMES;Convênio com Plano de Saúde;01/03/2019;4891.72
TIN GOMES;Divulgação das Atividades Parlamentares;01/03/2019;3000
TIN GOMES;Locação de Veículos;01/03/2019;3145
TIN GOMES;Serviços de Telecomunicações - Pacote de Dados;01/03/2019;740.13
TIN GOMES;Vale-Refeição e Vale-Alimentação;01/03/2019;5000
VITOR VALIM;Assinaturas de Periódicos e Anuidades;01/03/2019;101.11
VITOR VALIM;Combustíveis e Lubrificantes Automotivos;01/03/2019;6000
VITOR VALIM;Serviços de Telecomunicações - Pacote de Dados;01/03/2019;1544
VITOR VALIM;Vale-Refeição e Vale-Alimentação;01/03/2019;4000
WALTER CAVALCANTE;Combustíveis e Lubrificantes Automotivos;01/03/2019;6000
WALTER CAVALCANTE;Despesas de Teleprocessamento;01/03/2019;2000
WALTER CAVALCANTE;Divulgação das Atividades Parlamentares;01/03/2019;1000
WALTER CAVALCANTE;Locação de Veículos;01/03/2019;3570
WALTER CAVALCANTE;Seguros em Geral;01/03/2019;1453.18
WALTER CAVALCANTE;Serviços Técnicos Profissionais;01/03/2019;3960
WALTER CAVALCANTE;Serviços de Comunicação em Geral;01/03/2019;242.29
WALTER CAVALCANTE;Serviços de Telecomunicações - Pacote de Dados;01/03/2019;2090.06
WALTER CAVALCANTE;Vale-Refeição e Vale-Alimentação;01/03/2019;4000
ADERLANIA NORONHA;Combustíveis e Lubrificantes Automotivos;01/04/2019;6000
ADERLANIA NORONHA;Convênio com Plano de Saúde;01/04/2019;1805.84
ADERLANIA NORONHA;Divulgação das Atividades Parlamentares;01/04/2019;6200
ADERLANIA NORONHA;Passagens Aéreas;01/04/2019;5272.36
ADERLANIA NORONHA;Serviços Técnicos Profissionais;01/04/2019;7020
ADERLANIA NORONHA;Serviços de Comunicação em Geral;01/04/2019;59.22
ADERLANIA NORONHA;Vale-Refeição e Vale-Alimentação;01/04/2019;5000
AGENOR NETO;Assinaturas de Periódicos e Anuidades;01/04/2019;123.41
AGENOR NETO;Combustíveis e Lubrificantes Automotivos;01/04/2019;6000
AGENOR NETO;Convênio com Plano de Saúde;01/04/2019;2298.79
AGENOR NETO;Divulgação das Atividades Parlamentares;01/04/2019;2700
AGENOR NETO;Passagens Aéreas;01/04/2019;1091.43
AGENOR NETO;Passagens Terrestres;01/04/2019;788.04
AGENOR NETO;Vale-Refeição e Vale-Alimentação;01/04/2019;5000
ANDRE FERNANDES;Assinaturas de Periódicos e Anuidades;01/04/2019;219.8
ANDRE FERNANDES;Combustíveis e Lubrificantes Automotivos;01/04/2019;6000
ANDRE FERNANDES;Convênio com Plano de Saúde;01/04/2019;1633.2
ANDRE FERNANDES;Despesas de Teleprocessamento;01/04/2019;105.2
ANDRE FERNANDES;Serviços de Telecomunicações - Pacote de Dados;01/04/2019;518.47
ANDRE FERNANDES;Vale-Refeição e Vale-Alimentação;01/04/2019;5000
ANTONIO GRANJA;Assinaturas de Periódicos e Anuidades;01/04/2019;656.69
ANTONIO GRANJA;Combustíveis e Lubrificantes Automotivos;01/04/2019;6000
ANTONIO GRANJA;Convênio com Plano de Saúde;01/04/2019;2279.15
ANTONIO GRANJA;Divulgação das Atividades Parlamentares;01/04/2019;8000
ANTONIO GRANJA;Locação de Veículos;01/04/2019;7947.5
ANTONIO GRANJA;Vale-Refeição e Vale-Alimentação;01/04/2019;4000
AP. LUIZ HENRIQUE;Assinaturas de Periódicos e Anuidades;01/04/2019;246.9
AP. LUIZ HENRIQUE;Combustíveis e Lubrificantes Automotivos;01/04/2019;6000
AP. LUIZ HENRIQUE;Convênio com Plano de Saúde;01/04/2019;1775.46
AP. LUIZ HENRIQUE;Despesas de Teleprocessamento;01/04/2019;99.9
AP. LUIZ HENRIQUE;Divulgação das Atividades Parlamentares;01/04/2019;1600
AP. LUIZ HENRIQUE;Serviços de Telecomunicações - Pacote de Dados;01/04/2019;884.25
AP. LUIZ HENRIQUE;Vale-Refeição e Vale-Alimentação;01/04/2019;5000
AUDIC MOTA;Combustíveis e Lubrificantes Automotivos;01/04/2019;6000
AUDIC MOTA;Convênio com Plano de Saúde;01/04/2019;1344.88
AUDIC MOTA;Divulgação das Atividades Parlamentares;01/04/2019;4100
AUDIC MOTA;Seguros em Geral;01/04/2019;504.04
AUDIC MOTA;Serviços de Telecomunicações - Pacote de Dados;01/04/2019;1426.62
AUDIC MOTA;Vale-Refeição e Vale-Alimentação;01/04/2019;5000
AUGUSTA BRITO;Combustíveis e Lubrificantes Automotivos;01/04/2019;6000
AUGUSTA BRITO;Convênio com Plano de Saúde;01/04/2019;2776.16
AUGUSTA BRITO;Divulgação das Atividades Parlamentares;01/04/2019;800
AUGUSTA BRITO;Locação de Veículos;01/04/2019;613.52
AUGUSTA BRITO;Passagens Terrestres;01/04/2019;346.54
AUGUSTA BRITO;Passagens e Despesas com Locomoção;01/04/2019;-346.54
AUGUSTA BRITO;Serviços Técnicos Profissionais;01/04/2019;15120
AUGUSTA BRITO;Vale-Refeição e Vale-Alimentação;01/04/2019;5000
BRUNO GONCALVES;Combustíveis e Lubrificantes Automotivos;01/04/2019;6000
BRUNO GONCALVES;Hospedagens;01/04/2019;778.01
BRUNO GONCALVES;Locação de Veículos;01/04/2019;2125
BRUNO GONCALVES;Passagens Aéreas;01/04/2019;4253.16
BRUNO GONCALVES;Serviços Técnicos Profissionais;01/04/2019;18000
BRUNO GONCALVES;Vale-Refeição e Vale-Alimentação;01/04/2019;4000
BRUNO PEDROSA;Combustíveis e Lubrificantes Automotivos;01/04/2019;6000
BRUNO PEDROSA;Convênio com Plano de Saúde;01/04/2019;926.58
BRUNO PEDROSA;Divulgação das Atividades Parlamentares;01/04/2019;9050
BRUNO PEDROSA;Passagens Terrestres;01/04/2019;777.37
BRUNO PEDROSA;Serviços Técnicos Profissionais;01/04/2019;17460
BRUNO PEDROSA;Serviços de Telecomunicações - Pacote de Dados;01/04/2019;50.27
BRUNO PEDROSA;Vale-Refeição e Vale-Alimentação;01/04/2019;2000
CARLOS FELIPE;Combustíveis e Lubrificantes Automotivos;01/04/2019;6000
CARLOS FELIPE;Divulgação das Atividades Parlamentares;01/04/2019;8000
CARLOS FELIPE;Passagens Aéreas;01/04/2019;4822.07
CARLOS FELIPE;Serviços Técnicos Profissionais;01/04/2019;6120
CARLOS FELIPE;Vale-Refeição e Vale-Alimentação;01/04/2019;5000
DANNIEL OLIVEIRA;Combustíveis e Lubrificantes Automotivos;01/04/2019;6000
DANNIEL OLIVEIRA;Divulgação das Atividades Parlamentares;01/04/2019;2650
DANNIEL OLIVEIRA;Passagens Aéreas;01/04/2019;2410.77
DANNIEL OLIVEIRA;Passagens Terrestres;01/04/2019;138.01
DANNIEL OLIVEIRA;Serviços Técnicos Profissionais;01/04/2019;8280
DANNIEL OLIVEIRA;Serviços de Telecomunicações - Pacote de Dados;01/04/2019;71.62
DANNIEL OLIVEIRA;Vale-Refeição e Vale-Alimentação;01/04/2019;5000
DELEGADO CAVALCANTE;Combustíveis e Lubrificantes Automotivos;01/04/2019;6000
DELEGADO CAVALCANTE;Convênio com Plano de Saúde;01/04/2019;2250.98
DELEGADO CAVALCANTE;Despesas de Teleprocessamento;01/04/2019;318.36
DELEGADO CAVALCANTE;Divulgação das Atividades Parlamentares;01/04/2019;800
DELEGADO CAVALCANTE;Hospedagens;01/04/2019;2316.02
DELEGADO CAVALCANTE;Passagens Aéreas;01/04/2019;4059.6
DELEGADO CAVALCANTE;Serviços Gráficos e Editoriais;01/04/2019;6809.6
DELEGADO CAVALCANTE;Serviços de Telecomunicações - Pacote de Dados;01/04/2019;300.88
DELEGADO CAVALCANTE;Vale-Refeição e Vale-Alimentação;01/04/2019;2720
DR. SARTO;Assinaturas de Periódicos e Anuidades;01/04/2019;483.47
DR. SARTO;Combustíveis e Lubrificantes Automotivos;01/04/2019;6000
DR. SARTO;Convênio com Plano de Saúde;01/04/2019;1421.64
DR. SARTO;Vale-Refeição e Vale-Alimentação;01/04/2019;4000
ELMANO;Combustíveis e Lubrificantes Automotivos;01/04/2019;6000
ELMANO;Divulgação das Atividades Parlamentares;01/04/2019;1000
ELMANO;Locação de Veículos;01/04/2019;10885.04
ELMANO;Passagens Terrestres;01/04/2019;879.08
ELMANO;Serviços Gráficos e Editoriais;01/04/2019;6464.64
ELMANO;Vale-Refeição e Vale-Alimentação;01/04/2019;4000
FERNANDA PESSOA;Combustíveis e Lubrificantes Automotivos;01/04/2019;6000
FERNANDA PESSOA;Despesas de Teleprocessamento;01/04/2019;550
FERNANDA PESSOA;Divulgação das Atividades Parlamentares;01/04/2019;8000
FERNANDA PESSOA;Serviços Técnicos Profissionais;01/04/2019;3060
FERNANDA PESSOA;Serviços de Telecomunicações - Pacote de Dados;01/04/2019;50.27
FERNANDA PESSOA;Vale-Refeição e Vale-Alimentação;01/04/2019;5000
FERNANDO SANTANA;Combustíveis e Lubrificantes Automotivos;01/04/2019;6000
FERNANDO SANTANA;Divulgação das Atividades Parlamentares;01/04/2019;8000
FERNANDO SANTANA;Serviços Técnicos Profissionais;01/04/2019;12960
FERNANDO SANTANA;Vale-Refeição e Vale-Alimentação;01/04/2019;4500
GUILHERME LANDIM;Combustíveis e Lubrificantes Automotivos;01/04/2019;6000
GUILHERME LANDIM;Convênio com Plano de Saúde;01/04/2019;759.45
GUILHERME LANDIM;Divulgação das Atividades Parlamentares;01/04/2019;2900
GUILHERME LANDIM;Locação de Veículos;01/04/2019;13430
GUILHERME LANDIM;Passagens Terrestres;01/04/2019;715.25
GUILHERME LANDIM;Serviços Técnicos Profissionais;01/04/2019;8000
GUILHERME LANDIM;Serviços de Comunicação em Geral;01/04/2019;167.3
GUILHERME LANDIM;Serviços de Telecomunicações - Pacote de Dados;01/04/2019;44
GUILHERME LANDIM;Vale-Refeição e Vale-Alimentação;01/04/2019;5000
HEITOR FERRER;Assinaturas de Periódicos e Anuidades;01/04/2019;1066.4
HEITOR FERRER;Combustíveis e Lubrificantes Automotivos;01/04/2019;4000
HEITOR FERRER;Convênio com Plano de Saúde;01/04/2019;1589.78
HEITOR FERRER;Divulgação das Atividades Parlamentares;01/04/2019;1950
HEITOR FERRER;Serviços Gráficos e Editoriais;01/04/2019;15040
HEITOR FERRER;Serviços de Comunicação em Geral;01/04/2019;7.8
HEITOR FERRER;Serviços de Telecomunicações;01/04/2019;23.93
HEITOR FERRER;Serviços de Telecomunicações - Pacote de Dados;01/04/2019;960.04
HEITOR FERRER;Vale-Refeição e Vale-Alimentação;01/04/2019;4997
JEOVA MOTA;Combustíveis e Lubrificantes Automotivos;01/04/2019;6000
JEOVA MOTA;Divulgação das Atividades Parlamentares;01/04/2019;8000
JEOVA MOTA;Serviços Técnicos Profissionais;01/04/2019;8100
JEOVA MOTA;Vale-Refeição e Vale-Alimentação;01/04/2019;1500
JOAO JAIME;Combustíveis e Lubrificantes Automotivos;01/04/2019;6000
JOAO JAIME;Divulgação das Atividades Parlamentares;01/04/2019;500
JOAO JAIME;Serviços Técnicos Profissionais;01/04/2019;32220
JOAO JAIME;Vale-Refeição e Vale-Alimentação;01/04/2019;4000
LEONARDO ARAUJO;Combustíveis e Lubrificantes Automotivos;01/04/2019;6000
LEONARDO ARAUJO;Divulgação das Atividades Parlamentares;01/04/2019;1200
LEONARDO ARAUJO;Hospedagens;01/04/2019;1212.08
LEONARDO ARAUJO;Passagens Aéreas;01/04/2019;2827.69
LEONARDO ARAUJO;Passagens Terrestres;01/04/2019;79.01
LEONARDO ARAUJO;Serviços Técnicos Profissionais;01/04/2019;15480
LEONARDO ARAUJO;Serviços de Telecomunicações - Pacote de Dados;01/04/2019;41.93
LEONARDO ARAUJO;Vale-Refeição e Vale-Alimentação;01/04/2019;5000
LEONARDO PINHEIRO;Combustíveis e Lubrificantes Automotivos;01/04/2019;6000
LEONARDO PINHEIRO;Divulgação das Atividades Parlamentares;01/04/2019;1400
LEONARDO PINHEIRO;Serviços Técnicos Profissionais;01/04/2019;26100
LEONARDO PINHEIRO;Vale-Refeição e Vale-Alimentação;01/04/2019;3500
MANOEL DUCA;Combustíveis e Lubrificantes Automotivos;01/04/2019;6000
MANOEL DUCA;Convênio com Plano de Saúde;01/04/2019;2276.81
MANOEL DUCA;Serviços Técnicos Profissionais;01/04/2019;23400
MANOEL DUCA;Serviços de Telecomunicações - Pacote de Dados;01/04/2019;334.62
MANOEL DUCA;Vale-Refeição e Vale-Alimentação;01/04/2019;1950
MARCOS SOBREIRA;Combustíveis e Lubrificantes Automotivos;01/04/2019;6000
MARCOS SOBREIRA;Divulgação das Atividades Parlamentares;01/04/2019;4000
MARCOS SOBREIRA;Serviços Gráficos e Editoriais;01/04/2019;10430.4
MARCOS SOBREIRA;Serviços Técnicos Profissionais;01/04/2019;8100
MARCOS SOBREIRA;Serviços de Telecomunicações - Pacote de Dados;01/04/2019;147.87
MARCOS SOBREIRA;Vale-Refeição e Vale-Alimentação;01/04/2019;3200
MOISES BRAZ;Combustíveis e Lubrificantes Automotivos;01/04/2019;6000
MOISES BRAZ;Despesas de Teleprocessamento;01/04/2019;99.9
MOISES BRAZ;Despesas de Teleprocessamento;01/04/2019;470
MOISES BRAZ;Divulgação das Atividades Parlamentares;01/04/2019;2200
MOISES BRAZ;Locação de Veículos;01/04/2019;12070
MOISES BRAZ;Passagens Aéreas;01/04/2019;1842.89
MOISES BRAZ;Passagens Terrestres;01/04/2019;110.01
MOISES BRAZ;Serviços de Telecomunicações - Pacote de Dados;01/04/2019;104.14
MOISES BRAZ;Vale-Refeição e Vale-Alimentação;01/04/2019;4222.5
NELINHO;Combustíveis e Lubrificantes Automotivos;01/04/2019;1000
NELINHO;Convênio com Plano de Saúde;01/04/2019;716.83
NELINHO;Despesas de Teleprocessamento;01/04/2019;148
NELINHO;Divulgação das Atividades Parlamentares;01/04/2019;14000
NELINHO;Hospedagens;01/04/2019;716.22
NELINHO;Locação de Aeronaves;01/04/2019;-11340
NELINHO;Passagens Aéreas;01/04/2019;3163.45
NELINHO;Passagens Terrestres;01/04/2019;188.02
NELINHO;Serviços Gráficos e Editoriais;01/04/2019;11935.2
NELINHO;Serviços de Telecomunicações - Pacote de Dados;01/04/2019;355.2
NELINHO;Vale-Refeição e Vale-Alimentação;01/04/2019;2000
NEZINHO FARIAS;Divulgação das Atividades Parlamentares;01/04/2019;7900
NEZINHO FARIAS;Serviços Técnicos Profissionais;01/04/2019;13680
NEZINHO FARIAS;Serviços de Telecomunicações - Pacote de Dados;01/04/2019;163.11
NEZINHO FARIAS;Vale-Refeição e Vale-Alimentação;01/04/2019;5000
NIZO COSTA;Combustíveis e Lubrificantes Automotivos;01/04/2019;6000
NIZO COSTA;Convênio com Plano de Saúde;01/04/2019;1944.57
NIZO COSTA;Divulgação das Atividades Parlamentares;01/04/2019;8000
NIZO COSTA;Locação de Veículos;01/04/2019;9350
NIZO COSTA;Passagens Aéreas;01/04/2019;1669.75
NIZO COSTA;Serviços Técnicos Profissionais;01/04/2019;8100
NIZO COSTA;Vale-Refeição e Vale-Alimentação;01/04/2019;2900
OSMAR BAQUIT;Combustíveis e Lubrificantes Automotivos;01/04/2019;6000
OSMAR BAQUIT;Passagens Aéreas;01/04/2019;2368.12
OSMAR BAQUIT;Passagens Terrestres;01/04/2019;625.05
OSMAR BAQUIT;Serviços Técnicos Profissionais;01/04/2019;18000
OSMAR BAQUIT;Serviços de Telecomunicações - Pacote de Dados;01/04/2019;1063.42
OSMAR BAQUIT;Vale-Refeição e Vale-Alimentação;01/04/2019;5000
PATRICIA AGUIAR;Combustíveis e Lubrificantes Automotivos;01/04/2019;1000
PATRICIA AGUIAR;Divulgação das Atividades Parlamentares;01/04/2019;8000
PATRICIA AGUIAR;Locação de Veículos;01/04/2019;7140
PATRICIA AGUIAR;Serviços Técnicos Profissionais;01/04/2019;18500
PATRICIA AGUIAR;Serviços de Comunicação em Geral;01/04/2019;59.4
PATRICIA AGUIAR;Serviços de Telecomunicações - Pacote de Dados;01/04/2019;1332.21
PATRICIA AGUIAR;Vale-Refeição e Vale-Alimentação;01/04/2019;2000
QUEIROZ FILHO;Combustíveis e Lubrificantes Automotivos;01/04/2019;5500
QUEIROZ FILHO;Convênio com Plano de Saúde;01/04/2019;1058.2
QUEIROZ FILHO;Divulgação das Atividades Parlamentares;01/04/2019;500
QUEIROZ FILHO;Hospedagens;01/04/2019;1362.26
QUEIROZ FILHO;Locação de Veículos;01/04/2019;2992
QUEIROZ FILHO;Passagens Aéreas;01/04/2019;723.83
QUEIROZ FILHO;Vale-Refeição e Vale-Alimentação;01/04/2019;4500
RENATO ROSENO;Combustíveis e Lubrificantes Automotivos;01/04/2019;2600
RENATO ROSENO;Convênio com Plano de Saúde;01/04/2019;827.76
RENATO ROSENO;Hospedagens;01/04/2019;662.21
RENATO ROSENO;Locação de Veículos;01/04/2019;4505
RENATO ROSENO;Passagens Aéreas;01/04/2019;3354.23
RENATO ROSENO;Passagens Terrestres;01/04/2019;927.09
RENATO ROSENO;Serviços de Comunicação em Geral;01/04/2019;12
RENATO ROSENO;Serviços de Telecomunicações - Pacote de Dados;01/04/2019;229.94
RENATO ROSENO;Vale-Refeição e Vale-Alimentação;01/04/2019;5000
ROMEU ALDIGUERI;Convênio com Plano de Saúde;01/04/2019;1886.38
ROMEU ALDIGUERI;Divulgação das Atividades Parlamentares;01/04/2019;2400
ROMEU ALDIGUERI;Hospedagens;01/04/2019;724.01
ROMEU ALDIGUERI;Passagens Aéreas;01/04/2019;2294.57
ROMEU ALDIGUERI;Serviços Técnicos Profissionais;01/04/2019;22100
ROMEU ALDIGUERI;Vale-Refeição e Vale-Alimentação;01/04/2019;5000
SERGIO AGUIAR;Combustíveis e Lubrificantes Automotivos;01/04/2019;6000
SERGIO AGUIAR;Despesas de Teleprocessamento;01/04/2019;2500
SERGIO AGUIAR;Divulgação das Atividades Parlamentares;01/04/2019;7200
SERGIO AGUIAR;Hospedagens;01/04/2019;330.01
SERGIO AGUIAR;Passagens Aéreas;01/04/2019;4308.02
SERGIO AGUIAR;Passagens Terrestres;01/04/2019;1676.07
SERGIO AGUIAR;Seguros em Geral;01/04/2019;1049.81
SERGIO AGUIAR;Serviços Gráficos e Editoriais;01/04/2019;3472
SERGIO AGUIAR;Serviços Técnicos Profissionais;01/04/2019;7020
SERGIO AGUIAR;Serviços de Comunicação em Geral;01/04/2019;308.1
SERGIO AGUIAR;Serviços de Telecomunicações;01/04/2019;21.79
SERGIO AGUIAR;Serviços de Telecomunicações - Pacote de Dados;01/04/2019;1315.02
SERGIO AGUIAR;Vale-Refeição e Vale-Alimentação;01/04/2019;5000
SOLDADO NOELIO;Combustíveis e Lubrificantes Automotivos;01/04/2019;6000
SOLDADO NOELIO;Divulgação das Atividades Parlamentares;01/04/2019;3050
SOLDADO NOELIO;Hospedagens;01/04/2019;989.04
SOLDADO NOELIO;Serviços Gráficos e Editoriais;01/04/2019;2042.4
SOLDADO NOELIO;Serviços Técnicos Profissionais;01/04/2019;4000
SOLDADO NOELIO;Vale-Refeição e Vale-Alimentação;01/04/2019;5000
TIN GOMES;Combustíveis e Lubrificantes Automotivos;01/04/2019;6000
TIN GOMES;Convênio com Plano de Saúde;01/04/2019;4891.18
TIN GOMES;Divulgação das Atividades Parlamentares;01/04/2019;3000
TIN GOMES;Locação de Veículos;01/04/2019;8352.1
TIN GOMES;Serviços de Telecomunicações - Pacote de Dados;01/04/2019;740.13
TIN GOMES;Vale-Refeição e Vale-Alimentação;01/04/2019;5000
VITOR VALIM;Combustíveis e Lubrificantes Automotivos;01/04/2019;6000
VITOR VALIM;Hospedagens;01/04/2019;2239.59
VITOR VALIM;Passagens Aéreas;01/04/2019;5833.29
VITOR VALIM;Serviços Técnicos Profissionais;01/04/2019;8600
VITOR VALIM;Serviços de Telecomunicações - Pacote de Dados;01/04/2019;1679.43
VITOR VALIM;Vale-Refeição e Vale-Alimentação;01/04/2019;4000
WALTER CAVALCANTE;Combustíveis e Lubrificantes Automotivos;01/04/2019;6000
WALTER CAVALCANTE;Despesas de Teleprocessamento;01/04/2019;1000
WALTER CAVALCANTE;Divulgação das Atividades Parlamentares;01/04/2019;1500
WALTER CAVALCANTE;Hospedagens;01/04/2019;1289.47
WALTER CAVALCANTE;Outros Serviços de Terceiros - Pessoa Jurídica;01/04/2019;405.5
WALTER CAVALCANTE;Passagens Aéreas;01/04/2019;1935.52
WALTER CAVALCANTE;Passagens e Despesas com Locomoção;01/04/2019;1729.08
WALTER CAVALCANTE;Seguros em Geral;01/04/2019;1453.18
WALTER CAVALCANTE;Serviços Técnicos Profissionais;01/04/2019;3960
WALTER CAVALCANTE;Serviços de Comunicação em Geral;01/04/2019;2087.79
WALTER CAVALCANTE;Serviços de Telecomunicações - Pacote de Dados;01/04/2019;292.53
WALTER CAVALCANTE;Vale-Refeição e Vale-Alimentação;01/04/2019;4000
